{"cameraMode":{"drawMode":0,"name":"Shaded","section":"Shading Mode"},"sceneLighting":false,"audioPlay":false,"sceneViewState":{"m_AlwaysRefresh":false,"showFog":true,"showSkybox":false,"showFlares":true,"showImageEffects":true,"showParticleSystems":true,"showVisualEffectGraphs":true,"m_FxEnabled":true},"in2DMode":false,"pivot":{"x":-0.0557718351483345,"y":0.14197611808776856,"z":-0.02749532461166382},"rotation":{"x":-0.0600593164563179,"y":-0.9397749304771423,"z":0.24829404056072236,"w":-0.22730451822280885},"size":1.909574270248413,"orthographic":false}